{
    "user": {
    "name": "fred",
    "nikenane": "Practical Freddy",
    "email": "fred@gmail.com",
    "password": "*********"
    },
    
    "user1 ": {
    "name": "Igwe Nazareth",
    "nikenane": "",
    "email": "igwenazarath@gmail.com",
    "password": "********"
    },
    
    "user2": {
    "name": "Joseph Longjohn",
    "nikenane": "ROLEX",
    "email": "longjohnjoseph4@gmail.com",
    "password": "********"
    },
    
    "user3 ": {
    "name": "Abinye",
    "nikenane": "",
    "email": "abinye@gmail.com",
    "password": "********"
    },

    "user4 ": {
    "name": "Patrick",
    "nikenane": "",
    "email": "xos@vd.net",
    "password": "********"
    }
}
